{"OP_M_mean": {"gmbs": 7.044617652893066, "gm": 12857320.0, "gds": 5.889139652252197, "vdsat": 0.07800685614347458, "vth": 0.09513749182224274, "id": 0.08607849478721619, "ibd": 0.07656397670507431, "ibs": 0.06949540972709656, "gbd": 7.635990186827257e-06, "gbs": -8.691451963520336e-13, "isub": 9.146469389167966e-13, "igidl": 2.2223358136369553e-12, "igisl": 1.636705311211517e-12, "igs": 0.08723356574773788, "igd": 0.08723349869251251, "igb": 0.09458301961421967, "igcs": 0.1408892571926117, "vbs": 0.04714393615722656, "vgs": 0.04619574546813965, "vds": 0.09966852515935898, "cgg": 0.07620464265346527, "cgs": 0.11797457933425903, "cgd": 0.047621358186006546, "cbg": 1.6623441718207482e-14, "cbd": -1.220531515482362e-13, "cbs": -3.943865701139422e-14, "cdg": -2.2979663351764372e-14, "cdd": -9.740000520258151e-15, "cds": -6.302058619964482e-14, "csg": -3.9607009891858697e-14, "csd": 6.279389307790526e-14, "css": -2.349160540640366e-15, "cgb": -5.380696498709543e-14, "cdb": 7.559486484053426e-14, "csb": 9.683464668341912e-06, "cbb": 5.703421265934594e-05, "capbd": 5.9525398683035746e-05, "capbs": 0.03204789012670517}, "OP_M_std": {"gmbs": 19.66120147705078, "gm": 36365980.0, "gds": 16.40851402282715, "vdsat": 0.17500051856040955, "vth": 0.22228257358074188, "id": 0.22183528542518616, "ibd": 0.1950504332780838, "ibs": 0.19653820991516113, "gbd": 2.159782343369443e-05, "gbs": 2.4181000084222415e-12, "isub": 3.3521755250093266e-12, "igidl": 4.1576121885544826e-12, "igisl": 3.3045064080916564e-12, "igs": 0.24673375487327576, "igd": 0.30170929431915283, "igb": 0.31893372535705566, "igcs": 0.28277587890625, "vbs": 0.35456132888793945, "vgs": 0.372457355260849, "vds": 0.29754388332366943, "cgg": 0.24081197381019592, "cgs": 0.22591644525527954, "cgd": 0.13469362258911133, "cbg": 5.096407779299483e-13, "cbd": 3.076604726190424e-13, "cbs": 7.807368304375145e-14, "cdg": 8.41678208249666e-14, "cdd": 7.467300839085131e-14, "cds": 1.3272405906521872e-13, "csg": 1.2529391315695831e-13, "csd": 1.5321091292354316e-13, "css": 2.4371555663350863e-13, "cgb": 1.814799124779526e-13, "cdb": 2.172936716627813e-13, "csb": 2.7388965463615023e-05, "cbb": 0.00013330353249330074, "capbd": 0.0001320459705311805, "capbs": 0.09044282138347626}}